{"cm": [[508.75796610169493, 181.6036351077149, 409.72875290749687, 157.36787056708613, 418.95361578641905, 267.00931677018633, 94.04571428571428, 171.79246429656638], [73.81816949152542, 159.8648275266589, 148.47414564322776, 309.7401536198725, 371.3666163668021, 294.4798136645963, 399.4085714285714, 436.70677605591004]], "obj_count": 8}